PCA dim:,accuracy,sample_size,time
250,0.59875,1000,2.66363263130188
250,0.59875,2000,7.572030544281006
250,0.59875,3000,15.793042421340942
